BatchID,CropType,FarmLocation,SoilMoisture%,TemperatureC,Rainfallmm,Fertilizerkgperha,Yieldtonnesperha,PestRiskScore,HarvestRobotUptime%,HarvestDate,StorageTemperatureC,Humidity%,SpoilageRate%,GradingScore,PredictedShelfLifedays,StorageDays,ProcessType,PackagingType,PackagingSpeedunitspermin,DefectRate%,MachineryUptime%,TransportMode,TransportDistancekm,FuelUsageLper100km,DeliveryTimehr,DeliveryDelayFlag,SpoilageInTransit%,RetailInventoryunits,SalesVelocityunitsperday,DynamicPricingIndex,WastePercentage%,HouseholdWastekg,RecipeRecommendationAccuracy%,SatisfactionScore010,WasteType,SegregationAccuracy%,UpcyclingRate%,BiogasOutputm3,minprice,maxprice,modalprice,marketname,latitude,longitude
FarmA_B_00001,lettuce,FarmA_Field1,53.65191150830909,23.968482859724947,195.9021057243017,236.0529142358245,8.61179025014221,14.194986031556766,96.24589268453104,13092025,7.935109458880154,91.35524436153916,3.2260908889906545,A,21.8960311271844,11.724380722898768,Freezing,Plastic,496.00689431958665,1.1157980037505946,98.35784363800306,Ship,1291.9595190367493,43.15530226878268,34.03897236115058,0,0.5635663559836107,660.1979958524847,232.629257303151,1.3361177032072489,4.6136191908620505,0.8374554454705385,98.98717339426273,9.317322709879534,Packaging,83.10339631369209,66.38681395032398,77.04472210739898,493,1455,838,KR Market,12.963204609326404,77.59322235023016
FarmA_B_00002,tomato,FarmA_Field2,40.98887171960257,34.88914925221641,35.0660539778677,220.25985677422725,8.380357476950715,18.18305643167516,98.12198283018436,08082025,6.460116937361745,83.17560240529656,1.7644889993785862,A,16.06792416948818,4.643866656245351,Drying,Plastic,386.2488144839169,1.3550904576950482,98.92719477304252,Train,714.1781248335187,24.756595534509355,16.62179068036146,0,1.9180020183362636,3801.818365426855,318.8211375335174,1.3213883629006942,0.5380473117389428,0.7363778177604546,92.31401792837936,9.863109828618962,Organic,84.21385758565405,37.851892288991614,33.73028364674864,795,2487,1390,Yeshwanthpur Market,13.01880527505659,77.49152973538061
FarmA_B_00003,corn,FarmA_Field3,52.44973703390805,18.518505053546907,3.4322203663500472,109.37661782311748,8.75429831784746,23.828683498993872,96.11034869051768,08072025,2.389918456897364,90.64801914499742,3.3471983093412216,A,16.144772864430724,5.023351662644089,Canning,Aluminum,382.9938740085253,1.1921441714559495,97.48537798901413,Truck,189.83818325291944,22.37467373535211,27.809501960535663,0,11.483201257737912,9450.040968673604,131.70796828417167,1.3433261677878832,0.7593434945733577,4.865383989561492,81.53810538750538,9.64196203459828,Packaging,86.03353701752053,66.41852306073086,94.15768527339338,703,1748,1114,Nelamangala Market,13.10392926289305,77.38494797511079
FarmA_B_00004,tomato,FarmA_Field1,45.3170749901516,15.361507272310416,152.6728846007822,150.05572321800622,8.200901466730844,3.200977503403082,95.8803888563244,19082025,4.409481418552925,77.45936077474981,1.6286262427379414,B,23.11292128496545,10.207430153358429,Fresh,Aluminum,477.64073881876624,0.2802239159258868,97.2367392273173,Air,848.7763450457024,48.51068066633336,27.88692791910236,0,0.0001745213304921,6453.170533255726,355.6758068389083,0.9850946599795402,7.991140896266325,3.796462534592368,93.99903851594736,9.133210517810928,Organic,84.92837961412073,51.4411789952344,52.97139661083676,809,2480,1474,KR Market,12.960792310451591,77.581198885965
FarmA_B_00005,tomato,FarmA_Field2,68.86848381556415,24.87787430366869,161.3825954101559,169.42872272005692,9.093002721090794,25.52182380049364,95.85072313736492,15082025,7.026954411699473,90.9986791168118,6.723619250215468,A,5.395527294139561,15.3308173425334,Freezing,Cardboard,141.321365408706,1.3232164747523512,97.51295244185312,Air,656.8741153736174,15.31021497897141,5.664851413123068,0,6.248487427234383,6747.643571805349,219.52465351463528,0.8336283958368657,2.6131139954072875,4.83880732634781,74.95054253606193,9.314060996468214,Mixed,81.66423465071298,21.61307170595504,73.23884465975549,785,2458,1426,Yeshwanthpur Market,13.011221570741336,77.5081546591497
FarmA_B_00006,rice,FarmA_Field3,63.95655297064336,18.576454184426577,69.26086421788015,70.72283042333856,7.540201817047896,22.379235766461544,97.06069472962724,05092025,3.3834151748301142,89.3205695004201,1.3935466926260291,B,13.527250611855514,12.770457276744166,Drying,Cardboard,304.4974842146482,0.5868278191335451,97.13070354704622,Ship,1370.385247483268,49.92372994886924,55.72973399625428,0,7.837652716283826,6359.593321012634,226.84730225922533,1.29155820259137,5.985471296390771,2.198702432539543,70.88344690295985,9.79677293316807,Packaging,81.70840865233434,11.727891005720924,92.41077159112795,523,1444,833,Nelamangala Market,13.104797678356581,77.39796124714428
FarmA_B_00007,corn,FarmA_Field1,58.86918084659493,22.3293756916572,92.93476258792228,182.0925303243023,9.089504398681235,12.255548788077506,98.90216526273105,21072025,6.983855106503747,75.75134207578584,7.686244411895815,C,25.46767642798082,6.649745916499939,Canning,Cardboard,490.8410217652476,0.5601698873191244,97.54035642363888,Ship,1231.2695364327462,38.688745460008846,31.15531023327153,0,0.8195163000145844,2070.022175698424,328.167939042672,0.9512941130292548,6.453320424214532,1.391842408313283,75.92900280146392,8.79903756917387,Packaging,83.6717388894492,35.392752027940645,97.51799759755085,720,1738,1156,KR Market,12.97345164622593,77.59057879858062
FarmA_B_00008,corn,FarmA_Field2,39.43939678995823,29.883410461131245,129.95473652855267,159.083957901639,8.234983643072585,27.98814201299864,96.83595595206803,28072025,2.722032572209976,73.28337816023445,3.3272589291755263,B,20.080485255334303,9.176406372669502,Canning,Cardboard,124.38234993657856,0.282108313302799,96.79936883189023,Ship,760.957769985203,43.9964254807191,59.55259207714963,0,14.596172444584992,4241.5052546125735,468.7775045197741,0.6834421964034345,6.8641861680578335,3.9914659860459336,79.87193512731353,8.653589411715554,Packaging,80.96062457123124,48.26874298074379,83.32043565966744,663,1835,1042,Yeshwanthpur Market,13.016088927286948,77.50995924502658
FarmA_B_00009,corn,FarmA_Field3,40.24273291045296,29.418798485042583,9.611784839406743,250.52731225668356,9.622952814563252,29.72788429372172,97.2292214755602,29072025,2.281672142886878,91.70135806330732,6.769962336152394,A,13.430678318885509,4.242630412449969,Fresh,Cardboard,365.1133817500345,1.070012922425294,95.87377273153322,Truck,474.8904807972307,25.31167887211676,61.52436007839268,1,3.391879968745079,7534.30400379685,41.363109838224254,1.3549740195614743,7.981026379217252,1.631269590205734,84.80684196632724,8.021622167270392,Mixed,91.90268337386162,68.78742465424418,30.301750698203,729,1708,1026,Nelamangala Market,13.097243781178788,77.38941297898428
FarmA_B_00010,tomato,FarmA_Field1,31.617343581537256,21.161215837047784,189.8291463182772,294.4751671885677,8.545708164592632,6.150054301597118,98.44252807156292,07082025,4.304543668947497,94.0809163360033,5.030118545647561,A,27.638119808241846,2.4179664724045526,Drying,Aluminum,313.6145656873559,2.2724456543682523,95.4809889060467,Truck,1976.670134003404,15.5010347183471,16.839583828906065,0,4.562980794544213,1103.5916857762754,414.1241863000337,1.3825598767723473,1.9319718820549427,1.496916868526741,87.83874507569479,9.653102148382928,Packaging,85.45920761366914,18.923997609817235,96.65475165520824,831,2599,1380,KR Market,12.96756490349847,77.59959053858671
FarmA_B_00011,lettuce,FarmA_Field2,58.426515587431496,25.850804611097985,177.3360774596095,189.00125966064613,9.919331047810314,11.376857548914012,97.14027887573464,18092025,2.220391624559681,70.78255784368791,5.882802389326021,A,24.315568186234565,15.871224774138836,Freezing,Plastic,313.91559148491814,0.8293250717501882,95.27336374212904,Ship,935.303161332424,40.82543314965355,48.014743751909,0,4.55913768382541,2850.742483288152,153.26772410197464,0.96630975614017,0.3228066148775976,1.162529961039156,96.40756579921825,9.60196140080673,Organic,85.31517338761235,66.01444433785053,62.81195312435718,466,1456,934,Yeshwanthpur Market,13.0134931677079,77.49655976001816
FarmA_B_00012,corn,FarmA_Field3,34.43563283247325,25.1762815367752,52.17872466834279,130.67159706939592,8.805806186622881,27.793482707691336,95.73785148567542,08072025,7.743621577899954,88.28175167434213,6.141791104534242,B,11.622386180918337,6.042360774575697,Fresh,Cardboard,363.9517823840338,0.9370473056565408,96.0532631350128,Train,1392.1347597714623,44.19506089502365,35.05972629140872,0,3.4562499317602486,2835.5591738119506,227.52053270812516,0.5756997273097875,3.289532143956688,0.6483948911211768,84.78576627696327,8.208909036200303,Organic,86.30796759051753,70.41063322470589,93.06424763519598,673,1724,1024,Nelamangala Market,13.1036069733203,77.38126415236677
FarmA_B_00013,potato,FarmA_Field1,47.5734600746308,27.726652363717907,3.06090805807695,60.85019582454319,7.6715471977189615,21.647896522538318,96.19838364706592,17092025,6.957234174763795,92.73811277369546,4.038759055144142,B,21.132245938142923,4.377561369173716,Freezing,Cardboard,468.32761529405786,1.9280239730172708,95.18449425734292,Air,324.0782867778035,40.91666461837317,63.61097165450396,1,0.0221073312946712,4376.987383185609,20.73753109975439,0.8878260899169312,1.0406453586315756,1.2823153050838298,84.53699369414615,9.1537147622654,Packaging,92.59312920998472,20.54812409005837,67.61050258143518,499,1487,850,KR Market,12.972144987480231,77.58955293005754
FarmA_B_00014,tomato,FarmA_Field2,38.06876809341585,20.009236372111683,186.6872616158966,281.160832555899,9.465371910533348,1.4428393189226307,96.23974770507444,27072025,6.80461812277925,91.43400230231246,4.346404186906307,C,19.89376820472392,14.140743055817069,Canning,Plastic,402.1618729331021,0.5875224377607566,97.26868311967756,Air,996.8999143358257,19.99976005552935,17.101847542351788,0,10.940171911319943,9805.650535327632,157.51257813881338,1.3035376594626034,0.179407113296441,1.7765987423694385,71.45704728486648,8.927963396333775,Packaging,96.54204374818632,69.61160235129533,30.723896184772048,804,2553,1340,Yeshwanthpur Market,13.01567999953524,77.49476826561848
FarmA_B_00015,rice,FarmA_Field3,65.83054382694078,26.79741695121088,100.20797678305183,279.7789288196649,8.03524788346716,23.445434452542447,96.5892724618304,06092025,5.778667537976919,94.1130118067552,4.1119669424698,A,15.029697850974568,12.742981811456534,Freezing,Cardboard,75.2612465372945,2.690873791270603,96.13531378809408,Truck,103.69660374545772,41.36997727899392,49.4469240217031,1,14.50268249698928,768.2752121698372,256.2893088887639,1.4017740285462286,2.883414617131889,3.369971040728652,71.01243502703049,8.237418191018223,Mixed,94.42265171855712,79.40174974899544,37.00245241428159,547,1501,971,Nelamangala Market,13.100290254865975,77.38735855161075
FarmA_B_00016,lettuce,FarmA_Field1,49.01480892728447,34.57785716550018,107.8754896800125,113.24754199731028,8.04285764344805,24.83822661532476,96.707155621347,28092025,3.297944138219321,89.00235196095242,4.704467024720634,C,14.173901980120016,13.030602894255818,Freezing,Plastic,433.72760894407,1.5605715697546634,98.29813923234812,Air,1035.6374799253774,41.91229737376743,44.54264855769058,1,3.364402249275676,5235.139844367891,37.52627790024512,0.7034727424975958,6.269906008601891,0.3128242110972579,85.98363889557479,9.961136454121448,Mixed,93.8230553742768,60.87871817337663,55.04717771029405,477,1429,935,KR Market,12.969130397825253,77.58674954763529
FarmA_B_00017,potato,FarmA_Field2,52.53102287905534,24.734843059189103,136.7927538796282,223.8527807766619,7.095414044455495,22.515057742959407,98.19912808829709,12092025,5.109562200058353,81.05746905952276,0.2351555660520583,B,13.589011869392598,5.348997492085658,Fresh,Plastic,151.49359846657967,1.3428088209606508,95.29696349195356,Train,1929.83394387952,38.04891804845192,22.671103430028296,0,9.945707877051335,1875.710351920884,250.6369073977509,0.5669736120252715,4.529445529800567,1.0525346983267148,82.707179784202,8.42939177492671,Mixed,89.20343252641614,64.93387772774915,79.0014841559882,503,1519,906,Yeshwanthpur Market,13.02940987387192,77.49266878863492
FarmA_B_00018,potato,FarmA_Field3,57.8206434570451,33.12197575437108,123.17023287798276,68.85863677244231,8.646145927622225,23.986113927585468,96.39754799619732,17092025,5.583644434582046,77.79879976237827,3.164121358792122,A,20.428894584891168,5.420265232690939,Freezing,Aluminum,219.61137413136737,1.6734605757876042,95.90540597736594,Air,799.2030903223105,41.81405764784552,11.562063255582082,1,11.128444904380729,9709.697799556468,464.2842081406294,1.3773504531328389,2.5022239136828324,4.045118201458382,94.33623145442866,8.134468360181122,Packaging,93.18230558238082,79.60906872912113,31.798255134033493,457,1505,957,Nelamangala Market,13.091936079063567,77.38686783457582
FarmA_B_00019,rice,FarmA_Field1,35.57325817623503,23.687887310208573,188.77832091215143,91.55385797731324,8.603270511197568,24.753980300783915,96.87292731376552,08092025,5.150189005161609,78.01856851095319,4.849509708489372,B,16.060248412016737,5.195249965927143,Fresh,Glass,257.779766125572,0.4981029402485863,97.92098458836058,Truck,126.0422245210776,44.60725038872063,47.61478323340936,0,12.72638068635787,1221.7046968018956,61.64267687282456,0.8894049389788753,5.234736043941758,0.7346096179188538,74.65970795664352,9.18969475900382,Mixed,90.50248499263807,52.383687536816176,57.97311661341921,504,1528,903,KR Market,12.971820538017411,77.593183529437
FarmA_B_00020,lettuce,FarmA_Field2,54.17669517111269,22.00156815389352,188.85031942503343,104.2022766466228,8.067974452815958,5.592149603644323,97.4999039482042,27092025,3.5614002077091635,88.11056681535293,4.781788522046915,A,25.79657783128555,4.301299317583595,Canning,Aluminum,266.40770033888134,1.840419415917529,97.39523318553395,Truck,110.36379229271988,36.476143998311045,53.70182206926314,0,6.339437955204136,4095.649923379753,384.57595675699713,1.0417609642675631,1.8561454424704855,1.7132257326126077,70.72417820139444,9.477733354266066,Mixed,84.10876003554405,31.55204674113746,34.56249935764015,486,1548,937,Yeshwanthpur Market,13.01794513494336,77.50998555987844
FarmA_B_00021,tomato,FarmA_Field3,51.59364365206692,27.90206724061129,173.43978671100075,123.62348670985746,9.682651788687778,7.070752381949993,96.51090378976068,21072025,5.091487545888356,88.64592530077411,6.343648756845052,A,21.74006540334905,13.45874977867147,Fresh,Glass,245.83117966491056,1.0893022099020313,95.25796508499668,Train,806.5741818963955,18.101164988938766,24.0939140634345,0,4.543963584606439,7405.061349862601,210.7388161542364,1.4680658120507588,0.1150515685766802,4.3232946092907,83.02212426997365,8.064886892094375,Organic,83.96317898707997,68.6271583853239,81.57694046351071,753,2526,1362,Nelamangala Market,13.09703785992386,77.3944281333592
FarmA_B_00022,wheat,FarmA_Field1,38.122448989390776,28.378481193261997,127.28071948920226,298.9578437573427,7.386245194898931,19.01275691160532,98.34625925316934,12092025,4.947118045211759,75.00897858871781,5.240074710656868,B,6.748290142735853,17.112301819738626,Fresh,Glass,471.808982397139,2.691559022893857,98.5089578286488,Train,362.0486261032284,32.06697333835238,47.13828228156196,0,4.879427010345466,7075.088837471708,331.0351201169256,0.5665647279142229,6.114827091491419,0.7746265557172133,76.88687814581547,9.317435277454043,Mixed,85.63144813063039,53.014004425814186,46.67280937679504,515,1420,856,KR Market,12.972751653890617,77.59626107726496
FarmA_B_00023,lettuce,FarmA_Field2,67.71414282231925,32.28335130143806,160.18985893647994,224.2312639659537,7.990298539930466,27.23598391387548,97.3498144169363,27092025,7.978014654840345,91.70307033726328,7.937066530725379,A,21.004205595704157,14.762031923856563,Drying,Glass,367.7085534488111,0.5065626200330584,98.50904705130472,Air,95.53658783996252,17.717726713506178,29.65916353280523,0,10.689319996477693,4285.013505249929,137.5159330127624,1.1483180074520956,4.989944678912073,0.4136841780909495,71.43881682682628,9.064583751902909,Organic,97.30525074842646,50.68367966046696,7.672282685288523,518,1512,958,Yeshwanthpur Market,13.029524513269076,77.50779587312891
FarmA_B_00024,rice,FarmA_Field3,53.95461865954144,19.603705364831107,135.43366847659635,146.05045784480498,7.964748294040087,9.48589746889484,96.17617871688388,12092025,7.384616888277224,87.87310100505618,2.27083622886916,B,11.77868591250462,16.04977904145032,Freezing,Cardboard,334.0267906805179,1.5211533115963232,96.3216320155031,Air,1524.616547202845,29.26400608613508,51.92448182978324,0,12.25169199758454,3530.5892627319104,88.15120864526556,0.5741054225748671,6.09842099600768,2.422689975400054,91.01335031858125,8.206530017750097,Organic,90.4008819672148,27.75448888598268,16.60525214815364,544,1491,863,Nelamangala Market,13.105291239487153,77.39396496955636
FarmA_B_00025,potato,FarmA_Field1,57.79139732158818,24.98386759769505,114.67340833438666,234.2751764607548,7.276871758686238,17.6492002738517,97.85623679915932,07092025,4.780284489293719,84.06875715858456,2.873208237329852,B,19.820299791335568,8.691170152618795,Canning,Aluminum,72.4289125023237,1.794337888107054,96.36162337339826,Truck,944.1198673196868,29.248727119396968,15.945069242583717,1,2.72420951634904,4036.3625476734182,88.62668099290096,0.8754689284665004,0.3115041335013249,1.512097556392682,73.23619699876018,8.345047753892723,Mixed,93.94420216303553,62.94339887080206,6.110466761963229,513,1559,968,KR Market,12.96670996339352,77.58295371156414
FarmA_B_00026,tomato,FarmA_Field2,65.21871356061031,26.440083984183666,25.70007064678204,278.8135854172766,8.44343618216888,20.489461902513973,97.11059092057914,01082025,5.737624297610712,81.78831150256282,3.07077721494237,A,22.00329827758629,13.427440112067965,Fresh,Glass,456.7609986171686,0.1001508053591436,98.9561134334007,Train,614.0273053466764,17.310344544908457,64.3150501845322,0,5.564115122366478,2716.3350052705287,44.54105336514088,1.3038145451934469,6.6969570226452175,2.8170418224192706,87.64126550022539,9.13594859463216,Organic,86.58461643651441,15.716709310206738,49.93029460143252,820,2409,1411,Yeshwanthpur Market,13.011252720061195,77.49483803408403
FarmA_B_00027,lettuce,FarmA_Field3,54.97416192535173,30.37108028612618,162.2408353472006,289.6756018519616,9.063354151288248,13.558458038971178,97.13782356502898,12092025,6.487229624553371,83.58082014474896,3.726502456161988,A,10.770729728850302,7.730488568450716,Canning,Plastic,459.2255864037783,1.0910793742684208,97.50470468637256,Train,1805.1622068821373,27.20871868893177,22.118671752590583,0,13.52910295123725,2132.796093197318,100.96688540160908,0.9334722327556344,4.956209600290427,4.019024452417376,78.15044275483979,8.592715227026577,Packaging,87.74659964263928,74.70009495562628,10.633729734822715,485,1483,896,Nelamangala Market,13.098645629623626,77.3904399254726
FarmA_B_00028,wheat,FarmA_Field1,41.82534743350856,15.872075435088677,164.12789514879108,64.46597443942684,8.534971040641784,21.413473645659774,96.92435179355034,31082025,2.2091909614029497,73.98114345698161,6.687984510249676,A,16.421466122009214,10.98458781740416,Drying,Cardboard,401.09587854354606,2.1979057041024985,97.12526608227223,Train,276.47097239102493,18.884933457696015,27.7450191429307,0,12.100402795421088,4882.0930058330105,335.46749864459446,1.4971823539029503,4.507162805701121,0.6857424407637158,75.03138546029564,9.876631457302633,Packaging,82.38574599410778,32.807642253933935,11.413996930963211,468,1513,894,KR Market,12.975461671081097,77.59917481846114
FarmA_B_00029,wheat,FarmA_Field2,34.21977039321082,34.89101021594682,125.18793402031456,148.63044965203247,7.470933048148581,26.990023358765196,96.988047795285,31082025,7.369528647367039,75.09253123190686,1.8863367516736789,A,9.758121570476696,10.151062084162383,Freezing,Aluminum,53.16314171612862,2.46113252234692,98.35260873420768,Air,1914.0417164628725,43.28823235032277,6.066436645624485,0,14.772876041437137,2758.4841850693124,442.02839980331896,1.0590592849466025,4.996912384916253,2.903495422771425,81.0127941646602,9.6374804589681,Mixed,83.25460419861173,18.94422569529933,94.1048260038377,548,1571,951,Yeshwanthpur Market,13.012346409607696,77.49214008280387
FarmA_B_00030,corn,FarmA_Field3,48.26138281931641,24.398890279818858,164.0853687542536,76.6890164839711,8.131857895726217,18.72304632545513,98.06142512426496,11072025,7.160760898507543,72.27911226015479,6.208001656283436,A,6.308471894662707,4.360855757733233,Fresh,Glass,75.7761129849305,0.9394859844518472,96.14116135342928,Train,662.235098885838,48.16908090875648,9.805854862489348,1,11.313723895231211,2945.870482482776,408.9215859396693,0.8211621526359535,6.915465974946913,2.5275438019493195,93.24192751046566,9.967134413027326,Packaging,95.71977454169676,40.96565731716932,87.26550721760555,662,1758,1149,Nelamangala Market,13.10179389446027,77.39490796147895
FarmA_B_00031,corn,FarmA_Field1,38.737617488673344,20.59120683593517,130.2969543715576,133.9150161992408,7.00778507315094,16.19343185743899,95.41192591732526,28072025,4.744592586642244,73.84145095402782,3.2424814646859472,A,14.461910587146727,8.354496446376984,Freezing,Plastic,151.35066602082037,2.3957798171482536,96.71673037358542,Truck,1782.3871610019285,17.53107663402785,38.11033318986297,0,5.8979280154188345,6601.885028398115,345.7158118384972,0.7201113259047531,4.6954920524712565,0.7203939300659978,81.37071373023261,8.519341677900828,Organic,91.11193400208876,12.97289364795732,45.2086596811366,650,1739,1044,KR Market,12.97696300760694,77.59871664160434
FarmA_B_00032,rice,FarmA_Field2,46.66039791481465,32.66988044532518,41.33687197534908,92.41997597389138,9.60490332110676,13.162340261650172,96.33745124524192,06092025,4.347018596482279,81.34234086513207,4.814843069296068,A,14.0736067961498,19.31262323416467,Drying,Aluminum,109.107233665208,2.9032676313101664,96.07110670195334,Truck,1225.73860913495,48.42903225520955,20.731487370958003,1,8.859567509919566,9688.519583828933,64.1116130714403,0.8505205342861618,4.647603039105435,3.119992427644912,91.7723198271206,9.939447265595954,Packaging,86.41311685179257,57.92383359854764,98.58053208502058,508,1436,919,Yeshwanthpur Market,13.029668524845212,77.49799603384449
FarmA_B_00033,lettuce,FarmA_Field3,65.33121035675472,29.95437547794828,54.79222546422675,211.71209041718092,7.253551023042045,17.32458812718377,95.30201345521556,04092025,3.6377562491378894,83.25885984320641,5.060324265810449,A,29.887012267606423,5.723024896583899,Drying,Aluminum,229.47621336667825,2.5706218082252823,98.15664338635492,Air,1662.0793514959005,33.290180976786075,60.4836158019536,0,9.915213813709803,6076.008285537813,151.70184868501542,0.8725332737595508,7.9254332565261265,1.3682020893038582,73.63910260717537,8.862467739583115,Mixed,95.25417297091538,73.18938573117492,0.0186528170663113,519,1534,823,Nelamangala Market,13.097606703670552,77.38295617353394
FarmA_B_00034,lettuce,FarmA_Field1,42.97380084021096,34.06143694047906,42.917823941674826,147.06709599746804,8.791834246766292,10.660873554551875,98.0129848829898,24092025,4.860060969982211,70.44654731195799,2.982789097511476,A,16.158808779941054,3.542270989310285,Canning,Cardboard,465.18037613950537,0.3529319644779756,97.29339738254087,Ship,1968.825668260405,25.484798728385584,3.028537205846769,0,1.1768372447568591,862.0967239431661,161.8053689080098,0.568713677723961,6.053841336548544,2.4391715927200623,92.41037117028728,8.695037590627509,Mixed,84.68387820712168,68.60841049969562,61.39794562733938,548,1521,848,KR Market,12.973698688773672,77.59313523916882
FarmA_B_00035,potato,FarmA_Field2,34.88351818802693,21.615006093410276,75.45181664559517,107.3486864262374,9.958770987600444,11.744463306045056,96.0892074188812,30082025,2.2662599811994206,89.91994569660069,4.100921641646441,B,13.33923873680501,8.953031810854771,Fresh,Aluminum,262.42719538864924,2.219190996256622,97.63530028056029,Air,612.3906037465541,17.69017263466572,28.536583407035533,0,8.167454386557976,848.277777155263,132.4789037348344,0.8695741994267732,3.5383504436090822,0.4113616213853094,76.87106642229281,8.100699053938706,Organic,98.54462127340388,18.915863141351675,61.642817737187,518,1426,929,Yeshwanthpur Market,13.027241251917024,77.49194515989575
FarmA_B_00036,potato,FarmA_Field3,44.251913523079,26.0552993367098,7.792626462046726,116.48448124105974,8.609771937961998,15.95572439064522,98.58972163927554,10092025,7.113161200082047,77.35419933358695,3.304249397181576,B,19.511875167916862,16.016416981342815,Canning,Cardboard,56.03118189447453,0.9590004973216342,96.00922899935765,Ship,1924.2141965448063,32.52184938246462,25.614188273836486,0,10.639812427089144,9519.089886371105,262.35277325776434,0.9642385197392248,5.659176000263422,2.2979202860681154,89.64440076677731,8.105530515719206,Mixed,86.55153454717723,18.83897959754123,45.74430558698882,501,1581,955,Nelamangala Market,13.099955538156506,77.39162163859343
FarmA_B_00037,potato,FarmA_Field1,66.27313766183016,26.445849383416764,123.65077686757856,140.08627380131708,9.7721252773223,1.998573371724509,97.10631386663718,13092025,2.2125342105112704,92.79590087399778,0.5530622894929555,A,7.2191848526942115,12.060816365819472,Drying,Glass,177.2355603104429,2.9652479682362296,95.88090120550926,Train,809.4896950597197,42.80804405717621,3.3529341642320727,0,2.509819560015906,3043.178824042603,272.4213692910396,1.2227377522388043,3.113843773534308,1.5323173402141017,86.40766509038889,9.38402251189331,Packaging,86.40890812887332,66.94041376269848,39.69479729342928,544,1472,904,KR Market,12.964831140800799,77.58338050812259
FarmA_B_00038,corn,FarmA_Field2,40.88528997538541,34.60663167432091,67.3108429777453,114.98746571356568,7.708349599352213,6.87076172774389,98.20299908594448,10072025,3.974308192219226,94.18778159034444,3.4973231105346123,A,29.04164339887033,13.938521717526646,Freezing,Cardboard,70.0677087678327,1.4560769494796617,96.95349851593176,Air,801.7482142369985,39.74802670433444,10.705787930035717,0,11.709475761383358,1011.4631622165068,184.874127833844,1.156729484721608,1.831003699867992,4.111906055926772,96.94519679913893,8.915857988868055,Mixed,85.9263262051974,74.69779922221811,45.53831354806076,657,1895,1128,Yeshwanthpur Market,13.027191616728391,77.4911706984447
FarmA_B_00039,lettuce,FarmA_Field3,55.907604821654495,16.506925120122563,131.14452707614842,163.31021170720777,9.279866226812755,16.285479318402267,98.91572574246383,12092025,7.5895369299139395,74.63647186691635,0.7791471404284174,C,20.874001139775828,4.604202115318866,Canning,Plastic,66.32943017607597,0.3673016950768231,97.95026299637132,Truck,713.7548532962861,16.75791040123908,30.95498724430447,0,8.756591707711674,6030.541412788777,183.3566877808537,1.208765655229154,4.774815015102075,0.2848936349868414,81.23235302128411,8.453043252072211,Organic,82.32011880256147,42.24688808834424,41.49604360796805,517,1502,904,Nelamangala Market,13.09941241807836,77.38231668002602
FarmA_B_00040,lettuce,FarmA_Field1,30.020815079812632,21.11394038574364,77.07932419311301,58.07898777741261,8.593797261920603,12.94584429409328,98.35915543782627,22092025,6.411275927140716,81.55243226914152,3.240166392642572,B,23.870945498521195,12.760015667146709,Canning,Cardboard,174.07393389299853,2.1755566440821723,97.10095903008065,Train,1105.744834327791,17.551564237876622,36.50052091132127,0,14.28332678546392,6274.122905073635,415.99224297397984,0.5083636818768571,7.425456784911612,2.09303637459165,71.91879047619878,9.227940612650466,Mixed,82.11160579930824,44.92797818396362,73.04924774822994,521,1483,820,KR Market,12.969141175226628,77.59959924652685
FarmA_B_00041,wheat,FarmA_Field2,44.10275425336676,18.81822062300692,136.32273379455796,119.94087679223642,9.161548184174396,9.984473577374528,98.4679750400461,17092025,3.68834576346516,70.03079587916065,4.743347198654255,C,9.261948454347936,7.146507503318001,Freezing,Plastic,174.02555240552545,0.9690335951586416,95.13058271018268,Truck,350.58283419804985,29.100564892142295,30.30028230784084,0,0.6363344731033754,6520.197719175013,396.753495676646,0.717667399580536,7.433116160123702,2.29215712065719,70.55550908098634,8.505716236500222,Packaging,92.31399565614836,32.27834289700081,13.535543497328408,455,1491,927,Yeshwanthpur Market,13.018474127069108,77.50714249835009
FarmA_B_00042,corn,FarmA_Field3,42.19125032632116,20.369497137803137,68.124913892848,152.80168021804656,7.187024087533724,21.916474104279043,96.63193798145936,19072025,3.5158945637653103,84.95818162806067,4.635319194748006,B,15.236946325130097,16.851763953140583,Canning,Cardboard,404.2069711707218,2.991234471244985,98.47420602528116,Train,1129.737396448122,25.33516729167801,39.16563748884657,0,3.979892063332005,2747.280075789659,160.81995752356536,1.1616842883998566,2.7352422248439225,3.6250303814955935,93.97889826820985,9.155263508688844,Organic,96.6272428466029,72.59855827794897,19.76392205911301,680,1707,1169,Nelamangala Market,13.092346311283663,77.38542504153524
FarmA_B_00043,tomato,FarmA_Field1,36.58623412571767,24.70559748552631,52.13890564718062,200.69547050582463,7.44321727571868,20.811528222100154,97.20689038103735,04082025,2.030492838908156,85.18266120656678,5.300970232066563,A,15.567227834904738,12.956677314203988,Freezing,Aluminum,488.67559375150034,2.9393473735635656,95.25874757406052,Air,1106.324384199508,23.133451306961675,43.659217243397705,0,9.02330818949736,249.59577372330284,457.75633749789705,0.9839893681797472,4.22141972977356,2.871437875451055,85.21733349218154,8.718417493965381,Packaging,95.0198896951618,55.14320337046492,18.05182283924236,842,2536,1366,KR Market,12.968075854813348,77.58799624280019
FarmA_B_00044,corn,FarmA_Field2,51.36357677501768,22.453737341880988,99.20749085868124,117.73941062878248,7.399350785762435,5.001922799801495,96.01555425617322,18072025,6.174285757098501,76.18849889008438,0.7620920636370103,A,25.54516109752717,4.778269277730622,Fresh,Glass,217.04319225049923,1.968402054061742,98.82329793488302,Ship,1535.7085345794965,24.83515746180497,2.694667478948494,0,4.448398683088961,9653.652157599272,476.87935833122793,0.505313475668346,1.6930871885588896,3.3360616859709054,92.48207750321352,9.64710445322364,Organic,82.68104428640567,30.177610401715796,26.24705851212645,650,1804,1058,Yeshwanthpur Market,13.023427669573403,77.49689436254751
FarmA_B_00045,tomato,FarmA_Field3,49.393198854359326,22.893829336189444,138.57807173838788,83.29628130593743,9.061496516209994,26.358873461203142,95.7844523987738,04082025,2.292701490039039,83.96031681457995,5.216985964243503,A,5.030916993985236,2.227716917037637,Freezing,Plastic,242.99909548746737,0.3894793468551527,95.1005678331091,Train,1675.6174257782918,43.12189601539096,34.486661161745275,0,10.716362461068632,2583.8411523419145,170.10384559472,1.3044946424318224,7.965048875991068,3.885246428258781,76.79834240033392,9.64139232153356,Mixed,90.36606031404926,30.91480097379761,52.52584187815833,839,2474,1443,Nelamangala Market,13.1042753373682,77.3927837379845
FarmA_B_00046,wheat,FarmA_Field1,57.69744131561082,31.884262814526227,69.66732089063947,69.05009489979079,9.533322017900886,14.86270879211897,97.02203151642414,06092025,5.195615116404572,75.63850356109339,2.4971844535715766,A,12.521327708831375,1.810030976453622,Fresh,Cardboard,430.15524632870967,2.060582993025087,97.77780182452284,Ship,908.8606331092268,47.52298187711489,69.44494686213118,0,11.385079237828965,6792.66025172022,183.66822490859687,1.2728095732903375,7.848943262943486,4.311014868290944,80.00742861988378,8.954700796244802,Organic,82.00623937355616,72.38400511445217,11.120874733821871,537,1496,903,KR Market,12.967983222905096,77.58863520255309
FarmA_B_00047,rice,FarmA_Field2,40.77649335194086,33.60033669621664,187.32963037114143,285.1329567838459,9.248848696025762,22.243827334171364,97.38019591880168,28082025,7.772731835552299,74.02063672695475,3.1923675690968887,A,29.5309093586076,8.056762785352674,Freezing,Cardboard,170.662559042981,0.2790914593800816,95.32882825484712,Train,639.5498362354128,29.178594308464824,38.33225960906841,0,1.537739460997117,7095.635711799225,257.7607351767598,1.0484191629935626,5.196071437659579,1.5693774836123526,70.87301229412824,8.70163821867003,Organic,80.86059822864847,10.954381673407504,86.8169295326504,476,1432,935,Yeshwanthpur Market,13.022290553996205,77.4914008438029
FarmA_B_00048,lettuce,FarmA_Field3,39.76502088991097,16.40832261699088,7.837265335129251,154.1597644346198,7.091416458200783,17.194525477721662,96.35708498358476,09092025,2.656813160326723,86.28798667005663,6.863890031381646,A,16.872163587655464,6.051171596431956,Drying,Cardboard,120.37181198155156,0.0880924773071769,98.64270631774056,Truck,555.7030497683343,46.7138850746374,49.427958722126725,0,7.707816963101516,6139.073429086909,471.1491981415001,0.5664633257762721,6.435312477419787,2.690113526819515,97.88327741264924,8.725119593118189,Mixed,92.47133132831058,32.59086009086469,29.73615313084723,520,1497,879,Nelamangala Market,13.106448134767113,77.39306842322227
FarmA_B_00049,wheat,FarmA_Field1,36.73164168691722,19.1783743523072,83.58920634311575,195.29065529520656,9.60164494322417,29.9307784777153,97.277774071054,31082025,7.366879585808404,78.14813659880187,0.072243233036402,A,14.563157006100209,13.275712345787651,Drying,Aluminum,433.8903305316427,2.468875338664458,96.85773294490215,Truck,429.5164815745003,26.25234954367587,23.830470054181824,0,7.633358333865838,3197.783202715117,439.39652223973263,1.2665150495325848,5.7208012902696,4.200540392195999,89.3681692943236,9.611429051336437,Packaging,90.16789433992666,48.80496768514583,16.253798746870785,507,1578,952,KR Market,12.974526849288358,77.59073846002165
FarmA_B_00050,lettuce,FarmA_Field2,38.75056878292281,28.42287033648101,193.5161103040495,279.7941379588899,8.062440012379376,22.57209360116468,98.549841930054,08092025,7.948852010870289,84.75659847214057,4.707301066724844,B,7.995725050441159,10.487342864593748,Fresh,Aluminum,70.92526389802947,0.6292588430510441,95.55009509926806,Train,162.41278528809852,31.675294522032708,56.179396470693376,0,5.539211553233116,2783.8529122642512,60.258301665959,1.083713587731364,4.7452657523157455,4.947255654825282,97.06294754501988,8.656358965595224,Mixed,81.55845001901794,20.375222346952725,67.56213095982433,507,1493,911,Yeshwanthpur Market,13.012209542219834,77.49810071226594
FarmA_B_00051,potato,FarmA_Field3,52.32408008069365,22.17293562592328,109.59437664961746,70.68710500882653,8.191491497512247,21.20941383730377,97.22688633913346,05092025,2.3691021574354103,80.83116872429139,4.7897118408008605,B,29.354115715700388,6.054366282102234,Fresh,Plastic,328.8647480897371,1.1370813786572922,96.3632627991594,Ship,717.773558727691,22.91101492355999,56.10450373132806,0,13.99387293854508,6016.915998756761,202.438064202994,1.281959977157959,0.4267839759111815,4.447596555218816,77.6993958154431,8.418118747413692,Organic,80.66384568171378,16.446912793971286,3.808630059931928,467,1563,968,Nelamangala Market,13.09810747165697,77.38642085980086
FarmA_B_00052,rice,FarmA_Field1,46.15344684232163,20.08327298139477,84.69418846162371,269.1653714814482,7.314607499597443,23.35715817152253,97.88325238524205,21082025,7.297437614824767,94.6087851850726,3.173278210748496,A,5.500658898145612,3.8355177810533454,Drying,Plastic,302.8967813600631,2.92037216992852,95.65929870138704,Air,576.9829996550274,37.41666147615454,38.49072333578973,0,12.412594798098318,8674.346772755745,281.1518829773882,1.2517469923958404,3.638114740421289,1.857336313121884,87.73244472554416,8.169376683750613,Mixed,98.80537185477736,67.0693431763392,61.996856487416416,495,1585,939,KR Market,12.960599006498096,77.59474508485194
FarmA_B_00053,rice,FarmA_Field2,32.59568988435926,20.905811768378776,113.70405674999166,187.8969681360175,9.212215618281457,4.293839566454088,98.22125986943162,06092025,5.0964741226617,73.73951606668915,1.8962228568666892,B,23.42950562518108,3.416795491061542,Fresh,Aluminum,205.6642013757624,1.0105215055833097,95.68232764622836,Air,1934.5139024394944,49.26433903111831,70.32096762954495,0,10.458140728644551,9472.663916341617,256.5349115502546,1.3030020719578372,5.398290417339284,0.975832586093252,89.6764990804865,8.933386241768817,Organic,80.57040531083237,72.6083072053955,69.81984306764998,486,1505,824,Yeshwanthpur Market,13.01219568916125,77.5021261626609
FarmA_B_00054,wheat,FarmA_Field3,40.15661655737379,21.45101528477201,115.18491505161693,91.20856528425024,7.546851635427874,6.136337795083898,98.95491512782178,09092025,7.439082316667481,81.61496491589526,1.8773923060924087,A,24.21499511971271,17.428547450667935,Freezing,Plastic,191.83528449381157,0.8894693438499458,98.79243328068576,Truck,1137.5322111875855,36.12225836151825,10.788515033385735,0,10.714899536024964,1148.4674635972003,104.9929032890774,1.018008066404625,5.420252911069477,2.4469626870329435,79.20894130747007,8.964264197839684,Mixed,88.44603680795304,67.65244945587327,21.49165313867192,527,1558,929,Nelamangala Market,13.104064349929343,77.39269572645867
FarmA_B_00055,rice,FarmA_Field1,39.875042513544045,31.97339589849349,146.32955105992804,152.81377914634226,8.69189527605651,21.421922466708423,97.41278960870793,28082025,5.427913651517445,87.01141565898314,7.069677357286021,B,11.091417901596666,5.626081399692477,Freezing,Glass,397.3359767817296,2.754623998868325,96.78098444913915,Air,727.1902261094897,27.52349294397421,3.186336542270669,0,6.925742157196787,1632.8032647174266,430.8202178723958,0.640324518193515,2.9849809473790687,3.7082072591802113,94.59516781545328,9.681817420805814,Mixed,89.58776146754622,72.91515228161434,4.196407344363429,537,1563,893,KR Market,12.97918284503956,77.58206596310171
FarmA_B_00056,tomato,FarmA_Field2,57.852170913591536,17.732426628840578,25.53794588449312,244.4005709338064,9.522129957633794,14.81944461392588,98.22740059585034,13082025,5.972672060639388,79.88862709699922,3.53619499026286,A,21.78896109032593,13.382502310308398,Drying,Glass,88.89107484314592,0.3322453359568743,98.15520905562144,Truck,1181.9118219377071,37.67361060966849,55.91107482299672,0,13.814917816448638,9452.888961952489,341.7009836684503,1.1711574733796888,7.533535893264244,2.462845353766488,97.46768242410718,8.442477392892128,Packaging,82.22832280820846,48.717837974086,36.36453589194496,840,2583,1346,Yeshwanthpur Market,13.027343343182103,77.49058380469698
FarmA_B_00057,rice,FarmA_Field3,58.49082359697768,29.17821993820237,50.00328984322093,170.09252046658867,7.267612986136169,22.639058755803497,98.8505972742195,14092025,5.262673447984396,94.36749629676724,2.6471149039133754,C,7.323228609484748,16.40303263173906,Canning,Aluminum,156.55293919012342,2.278747230343895,97.55842224471073,Air,321.4335676241062,19.302223746288565,58.50088761554178,0,10.41893140879928,7391.698760514447,420.57510367738377,1.1204737850519706,1.338856257894248,2.4159043165683425,95.66079841318412,8.7619825473368,Organic,83.21217379035461,66.85806846932394,9.859423024193648,472,1498,910,Nelamangala Market,13.10069833709854,77.38808487235879
FarmA_B_00058,lettuce,FarmA_Field1,35.923477198136,26.056399538158157,116.10880246878196,296.32151266637607,8.60600669204657,3.0874809223243505,98.77763890230908,17092025,7.186957281844091,88.04719069817338,3.5902205906512243,B,11.426181660801998,12.667544912509983,Freezing,Plastic,379.6019293271404,2.964196699958322,97.70570544935356,Train,915.8853109442956,46.10306780928895,10.414506038440337,0,10.934715924837247,8841.638865814753,430.7944968812414,1.2422531871990872,4.002875569724485,4.191152105409003,91.4329423022418,9.61681147778738,Packaging,86.6842951217967,36.88298468737703,11.647784967333708,501,1446,881,KR Market,12.970483677207875,77.5873019975412
FarmA_B_00059,lettuce,FarmA_Field2,69.90961940195768,20.93020287295597,173.4233214419444,144.18474248448518,7.699649234649404,16.094440544537843,95.56432739511084,25092025,6.40345951372221,86.42459643911232,5.355123211674891,A,24.697549707306624,17.33173940129197,Fresh,Cardboard,296.7442626768909,2.7038880323239463,95.52677375388816,Truck,1271.1569267710745,32.607938277294274,20.590798307102425,0,12.92536355681018,2106.063077939897,376.6943682962125,0.6698810060507353,5.527071812406582,1.807018895335932,78.04647571202366,9.647247221497947,Organic,94.4718416480596,56.638750303532696,25.426123144486457,510,1447,924,Yeshwanthpur Market,13.013811338298801,77.49038245794897
FarmA_B_00060,lettuce,FarmA_Field3,40.6712405710114,23.39561712892553,112.37333842875472,237.394574994018,8.028780592834782,11.364646966707472,96.62556923309408,07092025,5.12756187308249,88.92648169028058,1.1660525459580136,A,26.617154800838502,8.455480709041016,Canning,Glass,107.59469384011388,1.955003756119278,95.93673778726196,Truck,1003.3507719952802,30.727240971387477,3.2286654356640234,0,4.111073840132865,5917.100123983078,225.2131946123615,0.6949751999002892,5.577086447134474,4.298973374058228,78.16686522106332,8.769222151957536,Mixed,89.63456605714507,79.21848719724152,29.54679246267593,450,1538,961,Nelamangala Market,13.100362996275823,77.3968555372537
FarmA_B_00061,lettuce,FarmA_Field1,69.06459823330611,20.12413887188916,47.71937195806804,148.2473622447148,8.421909824291669,13.71000657845035,96.2959602444272,28092025,7.208964824309282,93.81621595096792,3.5954706817099016,A,20.21216031649478,19.16822162233002,Canning,Aluminum,446.9610264269271,0.942182384978196,98.14700134061776,Train,833.4686612759323,35.50526759587317,22.53160275463953,0,12.106063558000544,7041.281984732989,309.16790995755804,1.3904095172193285,5.1891116541505244,2.034024004758618,97.9374492929351,8.918248046573362,Organic,92.12013561650627,25.80094066873892,52.99703410214206,521,1494,826,KR Market,12.967464319114896,77.5844572763603
FarmA_B_00062,tomato,FarmA_Field2,46.44148053272925,27.23027421731361,135.96895598004917,257.29105517662856,8.065312909837914,18.118736162175374,95.3477000598014,04082025,3.471713193532008,92.695466324616,4.703074968883096,A,17.670960795512066,3.529755079383842,Freezing,Plastic,227.0515309536162,0.7629659435349502,98.88306482589913,Truck,1988.0043583544116,36.867435197629085,56.119931174307006,0,2.9286090443473807,6833.107665925029,88.57904899867414,1.2499777984520708,2.2023057076148813,1.641165528391697,70.29825038213507,8.606571781698566,Packaging,98.71831654672282,37.29298224037564,67.83918855030132,795,2558,1335,Yeshwanthpur Market,13.011610640069437,77.49170621846237
FarmA_B_00063,corn,FarmA_Field3,31.322029316021936,16.631883608004806,147.9817520894749,192.2703672914369,8.946468520874728,15.068650423875903,97.53296309964384,25072025,2.944043958215156,88.10713270316029,7.58866683881147,A,8.982600515474507,2.940841063493224,Freezing,Aluminum,422.54076889497776,2.457765314614384,96.0507025703946,Air,1766.6137861904076,17.512153217927956,38.25723693988053,1,5.180129283673318,4140.701739580311,340.0862545627048,1.408228488700323,1.2496525494929758,2.269949555998495,90.7654492240222,9.865109756838624,Packaging,94.592103270951,43.603316411706,59.27709408701848,691,1866,1073,Nelamangala Market,13.094427928925855,77.38200028121844
FarmA_B_00064,potato,FarmA_Field1,43.80284992106732,15.103697255479736,47.64723048079589,65.87795739750034,8.43874630526275,16.195819113385102,97.943618452784,13092025,2.962400631980433,88.72904097753208,2.020222256603354,B,6.577725826978754,13.515150777941429,Canning,Cardboard,404.4708569874689,2.6394657418550858,96.08627505900417,Air,1265.6416184109082,38.89160274281909,26.366691521780165,0,5.03415681404764,252.40942774395396,97.83409531224756,1.2587153211639208,5.087522614613687,3.8122347933743423,90.4811387141026,8.23728753148316,Packaging,88.25286846468313,19.661084091403623,14.83603372895168,493,1482,955,KR Market,12.965300793967291,77.58132298924234
FarmA_B_00065,wheat,FarmA_Field2,55.37405378805455,27.55788829897272,75.54577723525897,59.20546690899785,8.752598454142507,14.590724459868234,98.39251238186752,22082025,4.004053272471428,73.64805185087863,2.8740059833299645,A,7.941225711838966,18.91379168685197,Canning,Glass,330.9914509122776,1.5763047376370785,96.8915885312436,Truck,1160.2858543054515,23.467608811043533,28.02175064344312,0,14.677882025837109,5870.967962362205,350.0352993499768,1.097155305990302,4.794416929115502,0.6300101393199714,88.05799668754412,9.86749884600294,Organic,88.48239651413442,15.672702732553976,17.208603245262644,542,1465,886,Yeshwanthpur Market,13.011312097344199,77.50712552359245
FarmA_B_00066,lettuce,FarmA_Field3,57.22821806219067,18.885479070240844,106.86549470611268,83.4630297001583,9.21046742618474,12.268655312564796,95.49110755865084,16092025,3.4321401878061053,72.56981011231665,3.03486871937939,B,10.68393250240247,16.368785771090234,Drying,Aluminum,272.5165090827918,0.7330198223593984,98.93536125142175,Air,1260.287935657939,39.98834213773064,2.0947538000827706,0,12.848058356218903,2605.705237878127,122.50309876944463,1.1541327370278736,1.4348480823139278,0.9820960793600868,98.71315653651912,9.367732903670689,Packaging,91.75666946377908,68.0806006425137,87.87692497929145,542,1478,920,Nelamangala Market,13.093242405214177,77.39119364811647
FarmA_B_00067,rice,FarmA_Field1,51.237383332685454,16.418818339998552,99.31223813661552,53.41799120674932,8.673226797851312,23.156459417947357,98.50577630350118,18092025,7.580542103058432,84.27261254610411,4.844305261159063,C,13.54186254742302,2.451920329322977,Fresh,Aluminum,490.7978781717906,0.3388296252335206,96.07583578330588,Ship,442.55861025374486,43.788717803446886,22.986036929566517,0,10.517547923853895,4557.517036814615,67.60013707360778,1.38912792394001,5.641113164564507,4.75722412831546,79.04450363714803,9.063144305373465,Packaging,92.64193895995918,78.37560609793103,55.83523150641136,481,1578,913,KR Market,12.975469110888982,77.58912819130678
FarmA_B_00068,lettuce,FarmA_Field2,47.911326582923664,22.93567654427777,77.9236172438407,68.83976508811557,8.759606303982277,0.3660921695413355,97.571702254457,17092025,2.635004562971504,70.4591909235135,2.8538564243200133,A,14.52273813777468,6.307986564759611,Drying,Aluminum,115.23428257091769,0.2615384034954935,96.62788763853706,Truck,820.5185993654213,43.13854776433821,47.25211191465513,0,10.905851424230852,9580.052049329792,90.98940017004914,1.0788067545119406,3.6413759338692513,0.8774581369067869,79.8591840500042,8.065318121568993,Packaging,89.51350759089675,38.33075446807611,86.9937832897689,483,1412,900,Yeshwanthpur Market,13.013067377557187,77.4939919228424
FarmA_B_00069,rice,FarmA_Field3,52.11572356285312,16.015370620787937,59.52703490186217,222.928599292228,8.693375627567924,17.95328103615681,97.81578454055403,02092025,6.193944428237526,82.05890953878979,4.268095402397565,A,13.658044214725088,18.67605881191865,Freezing,Cardboard,376.3200773980017,2.1572323420615667,98.56592006249404,Train,126.94608913725368,34.33753385927612,70.193611067145,0,8.431091916038566,4050.449644660104,10.976146257344432,1.1323913243283874,5.342084732825224,2.8386365896552728,72.2892426854501,8.951192383644017,Mixed,92.25236323348462,16.13548853362573,37.15465113198744,516,1525,958,Nelamangala Market,13.098659684125623,77.39056468178357
FarmA_B_00070,potato,FarmA_Field1,53.70786895517574,32.7323429790132,19.996977432372677,183.58656875736577,8.136317877853868,16.965250419689216,98.6424960141612,18092025,3.1353292387100358,75.25873949797172,6.254322638760235,A,10.97638330493164,5.808110223214906,Drying,Aluminum,136.03581565915505,1.260356183543175,95.01168413048543,Ship,977.314773099312,33.20594623087629,61.29425788887296,1,14.206360006627786,8414.035905977824,362.1824127482298,0.6564767160036006,6.698936638161205,2.896572333309689,82.84114595976838,8.815496210005465,Mixed,80.44711739386787,14.606823248340357,61.44000074313239,540,1555,940,KR Market,12.966988805840971,77.5956295920047
FarmA_B_00071,potato,FarmA_Field2,33.23413305330861,15.552335437474094,10.69705934947378,237.47768736749296,8.012340501615753,21.485372241988564,97.499045084173,08092025,7.289822796622101,78.65041419112099,5.643084752897629,B,17.74310616879245,15.842238051951464,Drying,Cardboard,202.2183973995568,2.716079622833611,95.15906385995429,Truck,1108.8979387174431,20.00065864687941,3.651647525187039,0,7.443881293235423,1966.5519969175864,368.87651403860576,0.9739212201161028,1.3578274286153853,2.448122310251224,77.5704072608106,8.322437623950245,Organic,88.16283441404003,72.3922744452209,52.36634160546107,515,1592,908,Yeshwanthpur Market,13.025020432977128,77.50854423614746
FarmA_B_00072,potato,FarmA_Field3,44.786178242456174,26.577297910151174,191.70829937663967,278.2914380644107,9.698942191435036,17.970880943319795,96.34346342859934,06092025,7.767891729109444,89.3951183948239,3.5709491721006845,A,25.63215270582242,16.67751172264537,Drying,Cardboard,188.91443451793785,2.219013902180291,97.41628670828489,Train,494.1119854012587,42.13711526410975,64.89924232723875,0,5.707765648048418,6757.3589304477855,262.31734145749715,1.216397111958099,0.1531589439746934,3.223726242884093,79.95821436315168,9.312819207001311,Organic,85.29982344539606,42.46699748093759,31.912348982046257,484,1403,908,Nelamangala Market,13.090579050980539,77.3979138258242
FarmA_B_00073,rice,FarmA_Field1,39.68639753109704,23.76948246036174,169.42862881911796,196.287383081368,8.822665666880718,24.80396483427235,98.30042932569064,20082025,4.792820052619901,93.53093760580968,6.913729421393351,C,11.99258846178698,10.413589965758652,Drying,Cardboard,476.1661944824253,0.5737812537437601,98.6295206588514,Air,1929.856251972752,24.499328315635005,56.82388893090381,0,2.445530053973865,9772.36884894554,89.06777251713801,0.7709426983163654,6.232820691166294,1.1491336289880922,94.2025819174132,9.942301814736572,Packaging,82.4543144596191,32.401912159367434,46.991537203359535,520,1548,954,KR Market,12.967851375769243,77.5975674499076
FarmA_B_00074,lettuce,FarmA_Field2,62.12559025519583,28.440522705903987,70.98103809254413,231.530211017962,7.733059466393963,28.772243836920836,96.45223684878036,03102025,7.27442888136879,71.81040680365854,4.465121996750903,B,28.559675477555828,8.340629287117995,Fresh,Glass,485.31028000472384,1.841332256447097,95.95542664160772,Train,1823.436491327622,32.38433979862813,56.62632864996863,0,11.79308478391587,1108.7416986420742,50.94162538023797,0.7022541805245349,4.877579401220928,2.763311338883741,97.12905089229736,9.12437762212905,Mixed,81.89138374336673,43.35228898675797,50.24908768269321,478,1515,954,Yeshwanthpur Market,13.02381569552313,77.50974697514148
FarmA_B_00075,potato,FarmA_Field3,48.812025377841536,21.56305334949464,191.36017702529128,239.270300510614,8.49474309354682,10.275727715356302,95.13691244328211,20082025,2.0308710245282886,83.35605514941113,4.3192467160177,A,26.833416543096195,9.552364215975434,Fresh,Glass,132.35694990562723,1.306516363194478,96.87856709872284,Ship,1458.1793091390164,24.949593252463085,34.05970313025,0,11.016658981133872,182.36742804920087,19.373193554270635,0.8138268082244156,5.597116556976974,1.8608662762344856,75.38625908815038,9.429506552887892,Packaging,91.46065114667869,32.281286628464315,20.07709747566786,516,1492,922,Nelamangala Market,13.105185649034333,77.38729089251994
FarmA_B_00076,tomato,FarmA_Field1,69.33692563579372,18.100832334554884,135.35398088486065,144.4626373189466,7.991045443842742,6.82052949089961,98.322618026261,24072025,6.919681504448601,92.06333714549,0.2735021275132654,A,9.04410528380274,5.312329192941919,Canning,Aluminum,59.91582213387689,1.7317491923058392,96.80186120663129,Air,1090.103926092457,19.683992704989254,29.8603705068152,0,5.765325577862023,4392.469647062882,91.21660671295814,0.7415006279928334,6.70523979990914,3.308336298145945,80.80275901505051,8.136900905132034,Packaging,89.94841039589963,44.2325042715334,31.50103723767316,819,2509,1393,KR Market,12.970021263456696,77.5875277831039
FarmA_B_00077,rice,FarmA_Field2,45.95297769778213,34.636817766210626,96.50418992852848,110.27120808240797,9.801075471279624,12.707905872614486,96.3807685795251,11092025,3.371750969149541,72.06271336101054,7.893543842857293,B,24.65689891892736,17.89842740644804,Freezing,Aluminum,374.0036178484009,2.214207370015552,96.89188538438204,Truck,1746.4398613129856,37.03451939121078,23.204101018323485,0,0.3779012093884404,1016.9922822085352,446.5192121417419,0.7149126370363958,6.422487478596004,0.7061177168657473,96.93028630134644,8.83533399163399,Mixed,84.81809822293101,70.16894778425558,79.14097505069756,504,1477,969,Yeshwanthpur Market,13.017298236720425,77.49521808998762
FarmA_B_00078,rice,FarmA_Field3,62.65727492877536,31.778670041387265,98.605131554361,101.26133212663125,7.022603089402224,8.637888494271785,98.09533809280536,27082025,7.452207855616207,90.61285117242085,0.9837664682370136,B,19.36468455794417,9.5617734778654,Drying,Glass,238.09547024171795,2.4185876430113726,97.490078782919,Air,304.77207045575267,16.901621218801633,6.598640126805604,0,12.58495991577016,7509.005061794691,128.35305243382408,0.9248508428680868,7.687361175430597,2.854387084197381,71.79244535998745,8.232716970328992,Mixed,88.94805111667777,51.4610959743467,91.57882394541272,481,1481,855,Nelamangala Market,13.09991940590747,77.39363479890139
FarmA_B_00079,lettuce,FarmA_Field1,61.93380499938205,32.2080923662335,16.656882239051928,112.8606098779496,7.675998393137585,18.448507894579635,96.4510315786638,14092025,2.006720668880657,78.94503377320679,1.8490472994211729,A,19.164384054285463,17.766729368665896,Canning,Plastic,89.97811028940397,2.531211979220173,96.87897505196274,Truck,1591.4940988360258,41.202583194417,17.976475444558936,0,0.1712697518111045,9154.031772100734,183.59295033643568,1.407838513883534,4.287480630816946,0.9263517769166184,72.67845531522998,9.22559167107302,Mixed,89.35241398846576,58.625764096712274,35.97940935452995,458,1425,841,KR Market,12.965546805426106,77.59048759622155
FarmA_B_00080,rice,FarmA_Field2,36.02870175861718,20.00502721031728,18.340829451696216,118.6829492564772,8.096070459022172,27.35557226528894,98.44427207989888,13092025,5.337090410238542,78.05236755548339,0.4135746979322157,A,14.77606907645436,3.0081761182192075,Canning,Glass,357.6893475096691,0.7619246237160742,96.78987256528984,Truck,293.4005872353542,26.115537834139083,19.262254448461725,0,10.555496694435764,4396.8076298167125,61.61928739585326,1.0070596467387185,3.907965061279243,1.393215315575182,74.72093868698065,9.876964316428309,Organic,83.7051706283337,35.52694733640356,30.697228220901817,495,1544,973,Yeshwanthpur Market,13.012347605883411,77.49319690573708
FarmA_B_00081,rice,FarmA_Field3,50.327951069628746,15.776694688588464,120.4881851802238,101.80691225201411,8.463429402426215,4.173485824291856,95.87804210032384,14092025,6.539814822709608,94.43665965786964,5.12002373469531,B,17.528824979550244,19.77723014900249,Canning,Cardboard,295.2974877173149,0.093346799752073,96.89715368172504,Train,1598.7107919713403,15.004714255156989,35.88539487971411,0,14.553856645890855,2661.245257338865,118.95703932660344,0.687920380815323,3.2150975991258406,1.093549001617916,87.26117218967937,9.323555464943276,Organic,92.38976817575136,61.69541149573631,19.51971645718825,487,1527,949,Nelamangala Market,13.090936127094244,77.39941462885541
FarmA_B_00082,potato,FarmA_Field1,57.83251227163528,21.065310293464456,110.74061046916016,269.5551668697981,9.552452553508438,3.0238380904765947,98.89818906079547,30082025,3.552129984187448,75.02147724655735,1.79760941578144,A,14.929469435730276,9.422188661428748,Fresh,Glass,491.2325699004977,2.2178842054943195,97.36346976508416,Train,587.746758090146,32.889519873303044,54.32110846176858,0,6.564919922223052,4400.592858165437,264.4200396823005,0.5769716693808741,1.2295283427536363,0.9141888993440856,74.36369585917393,8.153606096628844,Packaging,94.83746777133572,56.66319594155606,67.84911686505812,455,1598,960,KR Market,12.960077207030206,77.58357159936115
FarmA_B_00083,lettuce,FarmA_Field2,64.33435219254879,25.74164854393311,42.54557900484579,239.2497830430572,7.263662873620431,7.680465955609867,98.11903509915211,29092025,3.158797187523758,87.32984852056703,1.440083499781788,C,18.49331546899857,1.908785587488004,Drying,Cardboard,152.33427313762053,0.3190311787673238,97.14802995340544,Train,1760.3266329854684,16.63981679846611,35.166687987856264,0,3.5246010749392918,7262.13339671501,307.79881471686974,1.1961561451379252,4.580857863056179,4.128554757803335,98.07421506207127,8.709332409970166,Organic,95.03780727690086,18.369339842643956,32.309970166633725,540,1474,898,Yeshwanthpur Market,13.02225733506234,77.49162739197706
FarmA_B_00084,potato,FarmA_Field3,43.03835620807539,21.53302483592082,189.23890857633805,61.72411694780498,9.41759466022343,21.782867581872026,95.45695170368158,13092025,2.504589346807908,90.53601820024666,0.7084446737859311,A,20.698751319315896,1.7224151165116433,Drying,Aluminum,231.7900443469467,0.944758765838903,98.41654399060202,Ship,1890.8820829595256,24.66593452373148,6.049111461301242,0,10.573065150650724,189.6361996456727,130.2226339414434,0.8827987644363878,2.2161001946078303,1.4285378383044516,82.95472129049709,9.101326758881704,Mixed,91.44692678336564,50.08499971809092,98.77495390991884,512,1472,865,Nelamangala Market,13.107637930061935,77.39439240315684
FarmA_B_00085,potato,FarmA_Field1,38.809641902621934,31.557380075751773,156.2592100942405,117.16812050632684,7.166960468070926,17.78888715776465,97.26310647986624,21082025,3.958601459019758,71.0295873819818,0.8264716569921253,A,21.85759516022621,15.177937892154931,Freezing,Plastic,294.14561152794033,0.0114514023730414,95.19798741397469,Ship,340.1521403399755,39.74417706095007,69.04528606917427,0,12.256922130233775,5935.594495898502,38.28875802030744,1.3218309465853593,7.370460097703804,4.635618909322247,84.54402085015482,8.806415512266504,Mixed,89.72113306786127,27.97204474168306,32.56848020639532,455,1447,958,KR Market,12.97932779942876,77.59015271094482
FarmA_B_00086,lettuce,FarmA_Field2,58.44598129752072,20.43085831639484,22.6929204034896,55.54618550757541,9.526942105894545,3.066379926755988,98.94146924896694,21092025,5.359065873852977,86.75963645886031,4.67736560354071,B,18.312029813985653,13.521675149869935,Drying,Aluminum,406.26499480400827,2.04500844720486,98.33326828589205,Train,952.2174298775174,17.194136756765307,67.99070233658786,0,8.19645474116771,6171.587680385052,201.60610587242533,1.1595107686407702,4.665526434216781,4.849632626725954,77.15309985835678,9.667288020950345,Organic,81.1591357171025,66.28669687435149,39.413604678262814,507,1489,951,Yeshwanthpur Market,13.01600807366317,77.50099001145591
FarmA_B_00087,wheat,FarmA_Field3,62.380041845588615,34.3050366078154,186.1858211374585,174.54129666147324,7.154906433623538,27.5625156678224,96.88426181077526,23082025,2.6950631406815457,93.78874935888317,5.505662926932764,A,23.03555168321829,16.240480604424164,Drying,Cardboard,296.9773955240264,0.5013960344136638,98.37569845044688,Ship,1962.925387417236,44.37684723246008,56.96326802038859,0,14.505529128842191,6413.113644269762,124.75965175390373,1.2962414505413684,4.742721444064881,2.8563023496854867,83.65784732060727,9.62934200941998,Packaging,85.46879467818052,39.81563959268576,60.33341962120348,528,1482,952,Nelamangala Market,13.108616374345958,77.39041522874484
FarmA_B_00088,potato,FarmA_Field1,43.94663949166917,24.14530323227457,194.84964170688204,169.05267419725354,7.054727444285083,23.7025391137226,95.72842855528631,01092025,4.260172171920793,73.10549916820149,3.179031907715208,A,8.531951231887644,3.001983145103313,Canning,Cardboard,325.80507238787715,1.9658472290749749,96.13963208612384,Air,992.644500147636,15.133697293050409,71.39295310949544,0,0.7750308248694165,2496.0185918106845,117.58142238260297,0.7719460394184487,2.83939728701608,0.715005613328632,89.19549534647334,9.223662040206444,Packaging,81.77215748878523,79.6278915637541,80.1684293191305,467,1597,914,KR Market,12.965344140637248,77.59754797578348
FarmA_B_00089,tomato,FarmA_Field2,33.847062043656834,31.840461500239627,199.18624840606583,257.84287251562534,9.090884387099264,0.6906781436291254,96.9391134686014,31072025,2.05443442791635,92.40553256712596,3.839176652736586,A,10.299562272555963,1.6758464736754186,Freezing,Cardboard,151.76617321547334,2.9752278515035164,96.8514078200634,Air,1733.917668903363,23.638835422066578,40.113763296018405,1,7.571933974567922,7169.121961443455,480.33277332959307,1.1923589224610582,0.4159148158216599,1.8727412168979063,91.78413697166724,8.746915890265411,Organic,98.312640056691,16.475030655727466,46.95186653456337,774,2531,1389,Yeshwanthpur Market,13.017438374970249,77.49002766699998
FarmA_B_00090,tomato,FarmA_Field3,67.62093057958415,18.88760067989746,11.174230935470009,126.94430994276236,9.991766604305184,19.541016329647384,97.04983062352768,07082025,6.912076522999051,84.8694159344234,5.487741887863873,A,25.468375101856758,10.663006499503991,Drying,Plastic,431.1134276398519,0.2180126148300488,96.75415395414974,Ship,1198.0264681560736,40.9316419653225,69.39378451772443,0,10.776809209838252,1004.7757146845864,311.9872381036048,0.7640619846937188,0.2539501229839089,3.9886613167410703,91.86217439858748,8.510672747526488,Packaging,82.56652277828945,64.6243503918111,42.26560337889583,790,2564,1378,Nelamangala Market,13.094953700449846,77.38636467018354
FarmA_B_00091,rice,FarmA_Field1,45.902880843500895,23.22707810113357,147.40711135820175,254.0964338032656,9.689830788922064,23.13740005559214,97.96674777691466,12092025,2.7706923085591484,85.41511454656185,0.1390383214838371,B,13.06319944616038,8.36430939817262,Fresh,Glass,242.88374613671408,0.231234035854382,95.87403933741652,Ship,781.8933204432236,26.069455240525738,7.292352843172554,0,12.939607067237684,2072.776331021328,282.87043715432696,1.4390684794502917,3.38668115322558,1.8369536434853524,86.75884226812856,8.21174863642626,Packaging,82.88373278717094,57.15912134795095,99.56378335948082,499,1583,972,KR Market,12.977175549364638,77.58917006334133
FarmA_B_00092,tomato,FarmA_Field2,50.7100540210992,28.99024421534388,109.1831540329978,291.9934413599558,8.72799525341698,11.23306109161266,97.79538341264362,12082025,3.7000576895934896,85.32360437164014,2.5850452565622284,A,5.572345624403006,9.77699179674816,Drying,Aluminum,113.43183238479617,1.0211402780000247,96.58718738834528,Air,607.2779332754469,18.566233582310478,27.59765237829599,0,2.6888341786168506,8786.953461879371,213.72980072642773,1.1363742815333744,0.6765230247779028,0.4350860915139437,96.22643347482186,8.709795366973108,Packaging,96.90195574827936,63.72491814134938,1.0493641139944443,783,2546,1417,Yeshwanthpur Market,13.018891745756225,77.496722045328
FarmA_B_00093,rice,FarmA_Field3,63.50840423629312,17.76706184835603,141.1662967757389,72.10205584141164,9.752186839256597,2.0676461810165634,96.61020017438793,29082025,2.110566312429305,77.47089715843285,7.7847819845627715,A,8.844778741700777,19.840179768535204,Canning,Aluminum,348.8845615274378,2.599159542754026,95.17755108868342,Truck,446.2850276178702,27.608187158014974,17.776688760473608,0,12.00005222645522,7413.3591921930065,220.18272338077068,0.8245118001753421,4.854775644321113,2.78392455464094,93.70482757187716,8.82634503441544,Mixed,97.9346373860527,31.527085684331944,89.50652888512458,528,1535,866,Nelamangala Market,13.10761356246094,77.39890053553881
FarmA_B_00094,wheat,FarmA_Field1,57.02760468157123,17.654908444859394,193.73038879482695,247.95445986740825,7.0159000191928165,2.3196319646636177,95.87209242997636,02092025,4.593444703355074,93.38004538248649,4.640897837563744,B,10.59036086240778,19.44424919574273,Fresh,Glass,147.24070393338835,0.6465896063739955,96.11128829112694,Air,1535.5064731865095,24.463765023458397,15.708315889398902,0,8.290606135778178,236.080984712318,275.0434518806596,0.7695118622922726,7.047784045117259,4.225604257480174,91.95439532626014,9.351645850208149,Mixed,94.55075174546327,44.44381425676804,14.914082593973744,483,1481,977,KR Market,12.979837806583093,77.58753482533922
FarmA_B_00095,lettuce,FarmA_Field2,59.40864476963088,34.39073734228318,137.6060020350078,197.488974284409,9.925201488835429,3.127408981554285,97.58021667107732,04092025,7.040729016447313,93.68376156577597,2.033796639179946,B,28.93307219736468,18.903992403790664,Canning,Aluminum,93.90312960768487,1.0811334597910427,98.26672870180288,Air,803.7539883049044,44.49491657561942,11.856206422487324,0,5.948305229849448,2558.9249776610222,351.2506054476925,0.6909265850716435,7.063318532149777,3.979631935717512,71.61256012873336,9.316319648595147,Organic,80.10269354978072,65.7555963806596,78.59252762089135,462,1518,866,Yeshwanthpur Market,13.029322948912544,77.50583759139262
FarmA_B_00096,lettuce,FarmA_Field3,38.36286482950855,29.29190208359904,167.39277484747475,170.0114917546188,8.472246337776353,25.213188959412687,96.68681573821311,03102025,4.35290726867118,85.6326165053487,4.173840373089705,A,19.326035723271232,15.893010858585804,Drying,Plastic,437.8941087819225,0.2055162198809387,96.1382492070516,Ship,1046.987151291465,25.96717711548001,45.56895490961976,0,1.9757254286864037,2222.624181632329,354.05158712909645,1.1946409588937277,5.272363281057859,0.8756157006517662,70.19946090436983,8.140216279282514,Mixed,80.02557914817471,26.27789321345985,61.7931559846298,482,1434,935,Nelamangala Market,13.103513782952884,77.38489778958841
FarmA_B_00097,lettuce,FarmA_Field1,51.65791895310264,15.821350335357517,173.37374106216828,155.13394466626875,9.168688289865326,27.320585947671397,95.52910484450132,10092025,3.076983940543,89.58556814854037,2.7412279049673227,A,28.31826851190637,7.741985844880918,Fresh,Aluminum,257.0730190197978,2.289465873776668,98.27282667499298,Air,1010.0346860023049,42.61263651216025,56.69252990231136,0,12.979436383633686,2780.9826475660284,94.13001477567028,0.7187156129979273,1.689854651783448,3.363823072062333,76.16097103866872,8.790518630862316,Packaging,87.18391462596156,25.822323775205646,34.18472854980921,537,1524,973,KR Market,12.964329145218885,77.58332095649043
FarmA_B_00098,tomato,FarmA_Field2,57.83137597380329,22.976418028895893,167.69615275279702,246.16706598607735,9.462584419460056,3.684323455372014,98.60228920494556,04082025,6.522193004303115,85.30644964702896,4.257959910610393,C,19.379083762415625,8.83048767499266,Freezing,Cardboard,387.1776707130994,1.2249190282783533,97.12639785841772,Ship,1175.694107004606,46.21552506837571,42.480887959425246,0,2.3590981226957304,2550.841725770875,255.05524851754723,1.095303265927489,6.9039746508709765,1.1025213171782355,89.24218422349011,8.363557734434725,Mixed,82.72451203020695,48.57356673064527,87.38749555210184,796,2507,1372,Yeshwanthpur Market,13.028455132204506,77.49588153324767
FarmA_B_00099,wheat,FarmA_Field3,39.14200087189199,23.67041475161484,85.21829500938823,209.84033924356055,9.15537181250966,7.077181037852435,97.76488743043862,08092025,6.732841891224465,82.10996118935101,1.0059320944531909,B,16.983861003446293,11.442704830659563,Freezing,Glass,180.7644019128598,2.2777461991825287,98.51945070944464,Ship,1737.875433967877,30.18360968517853,12.287389671174678,0,4.646817888136488,719.0103278541728,211.85946656670995,0.7646350269253573,7.088747482505665,1.0910376727608613,81.92472717759382,8.31362541063361,Organic,80.34933670088034,46.64945056708991,1.2907227980991975,514,1476,938,Nelamangala Market,13.099061884908977,77.38987915667974
FarmA_B_00100,tomato,FarmA_Field1,36.99819708383745,29.88085285998231,44.5152835142061,251.2611668798405,8.605110196134731,4.965615311018693,97.73273542578193,22072025,3.042520851845401,86.52050295748127,1.061717230554219,A,12.8431922798524,16.78015467169196,Fresh,Plastic,404.13656071294986,2.710823533040385,97.29911821705768,Train,1962.4417199876875,46.84801003490372,58.778663895342966,0,4.350682979436553,4643.511114308521,436.5582134719983,1.1619689447938686,1.5732286796236696,4.370358866525926,81.66978151968004,9.654604299474492,Mixed,88.81726709868559,29.7583729289053,22.66906520749237,823,2546,1324,KR Market,12.975563431909006,77.59688469923107
FarmA_B_00101,tomato,FarmA_Field2,69.28673373317741,20.017210546933224,79.33032039085037,275.78776466915656,8.429858452379236,5.589626384823621,98.2903355036467,16082025,6.6251246512459385,83.82503631479896,1.1483388963151429,A,20.15927361083439,2.3055438178470875,Fresh,Glass,100.37116715968864,0.6982894413038663,95.11867289225896,Air,844.7892067189431,28.20613188871175,46.516829501461,0,13.071210512862814,7354.061400383035,319.3952713970044,1.3149397285405393,5.899408686165418,1.2483447637011509,95.6530197586588,8.083830433432516,Packaging,97.91817605073246,30.865295536737595,56.689279624953606,757,2531,1368,Yeshwanthpur Market,13.012781454022972,77.49853808720422
FarmA_B_00102,wheat,FarmA_Field3,50.66543565084057,18.6866734866274,178.37938175535533,204.315928024323,9.515747676107877,25.12472367007476,97.11864671462033,20082025,7.683787329538028,84.93689656579825,7.518558335414734,A,8.479950615438245,9.061640831812872,Canning,Plastic,210.1880182076837,2.422188091019854,97.70168083018837,Truck,1663.6618981072909,48.742744577153786,29.171599428889685,0,10.09054491313347,6106.644074702621,270.9269925438311,1.2780252431446533,2.292156391416984,1.316236732590056,95.97132259582332,8.838365751804243,Packaging,86.1525719231462,29.449161424459582,35.1542260049698,526,1437,936,Nelamangala Market,13.10685709775671,77.39636066611511
FarmA_B_00103,wheat,FarmA_Field1,40.43316699321636,16.617459332343955,29.320964338405098,295.1156812730944,7.615232680448377,9.964392379648167,98.26021771360983,15092025,2.998265521593634,89.59581383547155,5.863191346730734,B,27.456540682317648,2.569735605726105,Fresh,Cardboard,490.1278180880879,0.1772816702347598,95.17941427209428,Train,1540.8291995766997,18.12513335839505,49.18912068752441,0,11.950220957870584,6761.42951912099,66.54337466766951,1.2608513309307816,6.421122498823437,0.0032669538064977,96.366082657554,8.336407311533037,Organic,92.56167289014525,64.00584433989414,61.037749531832766,498,1509,869,KR Market,12.96204827516905,77.58312766697736
FarmA_B_00104,wheat,FarmA_Field2,69.85014799031697,23.56628949880216,102.66523373847858,202.0219623854713,9.903982199512702,9.343327921369236,96.99236301404402,02092025,6.625905755192813,82.02259578622463,1.2990551572985671,B,25.733310128532093,10.77849414489672,Canning,Glass,407.2953723656028,2.696542164540742,96.80238807593254,Ship,1168.381455338368,39.0456743276135,20.193348546998298,0,3.757018481887485,903.3768675087676,306.76256576847163,0.6877224056922521,7.977903199228821,4.3533451706275885,79.1024642189358,9.758660431356947,Mixed,92.39247170951636,55.63306058937224,2.4110193408666825,521,1490,849,Yeshwanthpur Market,13.016083973831988,77.49150718138166
FarmA_B_00105,wheat,FarmA_Field3,68.61677405155174,28.76999801530733,46.645614484905565,209.16108040557063,9.132857436510244,6.821868626313378,95.26870159966283,02092025,6.251432027615776,71.01885265231182,1.5067926701248116,B,12.938286196918426,18.07911565611847,Drying,Aluminum,273.76516864160965,1.952305642676242,98.71770677789246,Ship,1914.2919300432693,32.2834914159925,26.163454594594736,0,9.373111494104984,9519.758030750194,67.42991378331438,0.5883849469845187,0.2402080426351425,3.962974066045674,90.04061856943859,9.114081026550071,Mixed,84.77052196963818,68.26920283871769,11.645893048171253,453,1474,904,Nelamangala Market,13.098493260056811,77.382152354103
FarmA_B_00106,lettuce,FarmA_Field1,52.331738144283904,16.163871910168872,116.26108344535646,188.7039021355564,7.598520782014959,18.23683181382776,96.62099235211076,24092025,4.841443330610531,74.09998702473743,5.846635798967011,B,28.81993819003236,15.86721356671482,Canning,Plastic,202.89986220284828,2.6226801724150546,95.6608157573514,Truck,440.92530528038543,28.56770819094765,66.22400901923932,0,8.57618974715623,8401.069155045945,175.2312220272185,1.1989488284873857,7.178926926327455,3.13664467545339,77.87736225695672,8.462761272753696,Mixed,92.35807972765342,78.28311198198153,12.709624021843924,515,1519,840,KR Market,12.971364351873397,77.58493113879622
FarmA_B_00107,corn,FarmA_Field2,65.30545372757359,33.304274552529606,172.62770439780078,72.75052276283257,9.208741551095464,11.379170951566463,96.98985957591955,10072025,2.347522763352789,80.96518041223845,1.2493107583373917,B,25.6300191853892,5.329005933319089,Fresh,Glass,442.46106501011445,0.0005651986697456,96.55948941176618,Ship,263.06521010376173,37.14491575620103,22.335315396999427,0,12.492455651824066,8070.39415310706,79.99256275902262,0.8683472137943513,4.981044268789264,3.751328819694211,75.52768515915905,9.004854574332754,Packaging,84.03434551145094,43.19150073903905,18.928364591600943,730,1742,1048,Yeshwanthpur Market,13.021928661306992,77.49235051285807
FarmA_B_00108,corn,FarmA_Field3,37.548284333655175,23.84704459462209,176.07199372768335,231.59925816255708,8.589520069543351,22.327489555298666,97.8808103265292,10072025,2.448166506547124,88.12066399685146,1.8764903466786291,A,21.657672145875992,19.543826142377057,Fresh,Aluminum,295.18149158803203,0.5072432110679775,97.91944123539392,Air,1715.2258355630731,39.63499820720159,34.89917877105556,0,13.591305907218908,8247.539669913498,349.1160870419408,0.9323462264033472,7.787060953318569,0.760242837122459,75.3543412630737,9.462972719406231,Organic,82.3181408579609,14.66857169838142,45.93314408005428,676,1787,1068,Nelamangala Market,13.10951767736837,77.39865122407714
FarmA_B_00109,wheat,FarmA_Field1,41.15485410368727,19.795747183148062,47.33703873641575,186.86157672477788,9.121690286933331,6.167394251269124,95.4263149205147,13092025,7.114487955191886,84.83196620775448,7.706774662563192,A,8.044047778131869,13.67965756288214,Drying,Glass,391.2912580411,1.1692781622794763,98.5290342243794,Train,906.3421424358093,15.152714437760816,64.30987961772102,0,0.1823515721608021,9333.834030514336,111.06353577971478,0.5311490927933911,3.720076140211421,2.2916179729378774,79.92112100504423,9.916236017838868,Mixed,93.3262824256341,13.36646172884248,75.21286995435712,516,1502,829,KR Market,12.967835938771294,77.58484357188253
FarmA_B_00110,corn,FarmA_Field2,58.014313198910855,16.877465801625835,181.53874126970925,162.72761185402612,9.303338504328517,23.63369666143477,95.5600741546418,06072025,7.940890236503883,86.25735464683635,2.042452197827455,A,16.955850576201804,1.1981262885506585,Fresh,Glass,389.34845614227385,1.1385087101241558,97.68377201897005,Ship,1701.589265703768,20.843358106151957,51.54049451872692,0,10.11029878588189,5488.114264525607,202.01109286213276,0.7595764492750492,6.77910344457099,1.7560969367439043,82.46877097361482,8.440892008490838,Packaging,82.15537552497442,30.69655274901334,90.5538837928901,652,1816,1128,Yeshwanthpur Market,13.015007964257071,77.49966787070404
FarmA_B_00111,corn,FarmA_Field3,63.86644568953224,18.657319942146145,118.37774776425688,277.6178196008183,7.261870538769026,18.11164595190417,96.05473521053848,06072025,6.056313543120527,81.98197321440718,5.293058802969174,A,17.65268887116877,5.852856209019171,Fresh,Glass,58.07555535582132,0.680191148770532,96.03269301676468,Ship,1791.5259001310592,39.95661177220116,6.354225831529193,0,0.7775369867959353,2082.7919768894963,448.8806410332015,0.533676403874464,0.4991525487862178,0.4688826312850824,94.09752596059698,9.77236354425869,Packaging,98.94127515319776,75.27812125467156,83.5372530284246,739,1824,1137,Nelamangala Market,13.090799856038014,77.3927941021215
FarmA_B_00112,wheat,FarmA_Field1,64.25297167512369,33.692279946794194,70.04364934006271,124.4898628854876,8.51831186907804,3.4280190016706324,96.06599357348352,02092025,4.675749842061929,85.39355054855608,7.829050299204243,B,10.813783959134502,5.953552698478414,Freezing,Plastic,106.81420225667604,1.1448358196016004,97.69843141166488,Truck,171.7923075571893,38.32348947523722,12.311213099527924,0,8.232879976160339,6206.157717740158,110.11502786549543,1.3791857726012475,2.682232400626366,2.4306524260746203,73.47684171070865,9.86860822833498,Packaging,83.48559562185436,46.624913847961245,19.68878717756836,540,1468,925,KR Market,12.968166058166796,77.58754813145178
FarmA_B_00113,corn,FarmA_Field2,46.1803250848876,27.76541187686701,141.63623911663996,180.9005690037528,9.796043026770803,12.43513752610883,97.92873831383623,13072025,5.885441860411445,78.22543594536656,2.994374137118341,A,6.999134858982549,2.315831819431339,Freezing,Aluminum,346.833214877634,0.3865461360007645,96.18691056441637,Air,1772.7562878228184,48.811662679503705,2.548911354034177,0,4.314490935655173,7454.526787312596,258.82448133980176,0.7433966832185305,0.5361323020096798,4.603698251713177,91.31284957445192,9.832841089064132,Mixed,91.28869539237267,29.02505612560904,44.11505522306324,660,1712,1124,Yeshwanthpur Market,13.026187299429784,77.50418070920367
FarmA_B_00114,tomato,FarmA_Field3,65.5108039504384,25.333925148531332,96.33339759282306,224.41046787336583,7.961926576478543,25.90554421838871,96.0029226422464,29072025,5.566375155371272,81.75456481741662,0.1401279268964979,A,24.41809076179232,19.23670384344265,Drying,Cardboard,122.72891507864216,1.238283387798078,97.87371691927494,Ship,924.2221579703732,41.6363226587774,46.16452531604144,0,4.601648992832118,7405.382194204852,215.4431139713508,1.057337169573008,7.802745067832564,0.2002955952534724,85.41219251148985,9.27082871372382,Mixed,87.8161168568392,37.94167561577137,19.9411597758535,847,2565,1442,Nelamangala Market,13.109086676307854,77.38703872480991
FarmA_B_00115,rice,FarmA_Field1,64.03713795070051,28.142226570003334,75.59751802445089,249.1179439184693,8.781649292673697,27.688806953954547,97.5323922534298,24082025,4.301673562433731,88.60697663987389,1.953178323378994,A,8.050876303109876,10.08685059694255,Canning,Plastic,164.9720050950221,2.4070629874777927,98.81613251034015,Truck,1045.3433535582528,48.27704477059683,33.33713977872928,0,5.294377551785349,5262.345339252113,18.88078011240757,0.5389793206611304,6.535791258174694,1.4573045674689693,78.35041493760379,9.259641308869416,Mixed,82.40134202570768,51.90165751832696,26.44718166671908,483,1554,919,KR Market,12.977950855292988,77.595399343725
FarmA_B_00116,rice,FarmA_Field2,67.4253997688379,23.713457973557823,141.01687285933198,164.83670198654312,8.107691444529689,13.971003669564396,96.97709540055308,09092025,2.3937568674440777,91.79581947432804,6.647017530733644,A,19.85726876404437,18.02047735006576,Freezing,Plastic,475.9870793898232,1.4372101893100535,97.88557380442516,Ship,1271.85539663176,39.58891755371825,11.399239563159288,0,9.319386735744152,777.7413214024227,398.4514756506783,1.166847391305658,6.820379369967764,1.037704681028517,84.29176795145192,8.806421266367646,Mixed,80.52903424397086,55.70647606964896,50.35469815118861,539,1450,908,Yeshwanthpur Market,13.017148493031893,77.50243330872907
FarmA_B_00117,wheat,FarmA_Field3,61.41362604455775,29.60078633123637,49.74483088605759,260.5228537546774,8.362803916657299,14.425109342672206,97.2931775127176,06092025,6.929077684444646,80.84138334890972,6.916870687640293,A,28.411229347091517,7.122094565447939,Canning,Plastic,302.08201626871033,0.0540002668356449,98.45152201164964,Truck,1856.4460831236693,25.431827302380512,69.05538847397393,0,5.010749485031538,3774.018090458265,43.832494094153866,0.8230273457540939,7.503721851471154,1.1907332683284817,78.69832002353365,9.504795764607575,Mixed,91.83191336356384,20.77436568480335,6.810902472352254,532,1420,976,Nelamangala Market,13.095771399153033,77.3974879983415
FarmA_B_00118,lettuce,FarmA_Field1,56.75953018856914,15.954322553832975,66.0505058038197,242.22943532884935,8.64580935381446,27.553641748179032,98.35242785271318,18092025,4.231001175432348,71.09154144268403,6.14815491619033,A,26.902629814951062,3.379437838223716,Fresh,Cardboard,387.8282781497062,1.2643321247377424,95.00841537270354,Truck,87.27638413803986,18.687772278779978,39.0761806761934,0,10.990485758854206,9215.589423787238,242.38496027870727,1.3979191869576657,0.6808278889582828,4.542172759396877,87.28637670191088,9.062588036701865,Mixed,95.3283937119934,78.39221735816231,21.81743295932732,522,1418,973,KR Market,12.962248546344247,77.58424868722588
FarmA_B_00119,wheat,FarmA_Field2,53.22746485745819,26.320744209881525,86.89036889765427,66.55899446296647,8.646765939666931,17.612046724097016,96.6175260061961,12092025,6.912713860142562,74.04181360367006,0.9048785526125842,B,11.943815593731529,10.012386088218063,Freezing,Aluminum,301.09133245218794,0.0815250482725324,97.87028849892636,Air,979.8447632197432,42.36383521707275,18.93253058790224,0,6.0679107836080455,5886.044206598518,284.73236452008547,1.388118188934036,3.084780740106667,2.3403452711714507,82.58147376280208,9.35487614245659,Mixed,95.99829756862812,48.13405588879522,93.53781613071172,474,1439,943,Yeshwanthpur Market,13.013660665841599,77.49806052004809
FarmA_B_00120,lettuce,FarmA_Field3,44.89131066246972,18.17292895284982,50.73643477462775,61.46531660115824,7.6051913869907075,0.9854001073031504,98.08364550825708,19092025,3.5150524981302933,70.52152848228845,6.364082973571225,A,26.286215938781638,3.165176059572026,Drying,Aluminum,298.6311266522263,2.8987302321203945,98.318350227461,Ship,1391.0579827395934,37.54522275165706,37.04224998082953,0,1.0252980046493794,5429.486238231563,317.92896374114764,0.8252906183617478,0.568279112352017,2.331497064699094,74.76776034328748,8.856915807697591,Mixed,89.17155598846176,19.498182245459557,46.6116292658489,478,1552,966,Nelamangala Market,13.104904659200642,77.39053814898105
FarmA_B_00121,rice,FarmA_Field1,67.60533769831113,17.403292956112843,81.04041735628343,205.20142110552283,9.0537146436395,27.382483886373866,96.68814423820275,17092025,2.0061768790738004,86.33157548093325,7.349422375948034,B,5.008312653012236,10.23429455657326,Drying,Aluminum,92.36835955656406,0.3823618782686069,95.16223495017871,Air,1459.2785675115456,16.686510433765367,49.57342329145754,0,11.756397637261609,2761.649792383716,347.42949836085904,1.400960895690468,1.686344812400229,3.8028782122764113,73.3809091621152,9.462992928086278,Mixed,94.77165387646532,72.55446773422935,44.53865259778722,517,1572,865,KR Market,12.969753526470765,77.58001091929795
FarmA_B_00122,wheat,FarmA_Field2,68.94655347021269,21.837593334328037,114.29460504100211,136.85335205635357,7.26360433372797,7.446793282714557,96.415485506245,14092025,2.953629699660539,78.30786563387773,4.804876340369889,A,5.44219524033143,18.485646443168747,Drying,Glass,204.6484366740964,2.1230649789918563,98.48639090915292,Truck,1400.4382414973609,27.60176630653424,7.336745258149513,0,4.28637486889059,3747.6443071741314,134.1034679261304,1.4961576734987787,1.8349262163013789,0.772461020024629,85.85417478009177,9.6489430352091,Packaging,92.78409553628236,15.224690175560015,1.45671547512789,504,1400,958,Yeshwanthpur Market,13.0185080345071,77.49127107549673
FarmA_B_00123,potato,FarmA_Field3,41.35683898949863,16.83598131626884,148.19477218213365,102.28269776962854,7.416474320326061,17.328958622746416,98.83450870925287,02092025,4.811236500611506,83.56196589298419,7.527002850704519,A,20.063829096071625,10.894594694850042,Freezing,Glass,177.09390440893026,2.918328968676257,96.02677691324018,Train,312.14850234583764,48.48799354195002,21.22926705335244,0,6.491503193988939,8963.926282616376,14.889600562640194,1.325415664123948,3.7528576883806295,2.436326770500254,96.169977965297,8.292872513205632,Mixed,93.76083602248352,73.54148032242588,24.739974705834577,517,1534,919,Nelamangala Market,13.094165065042429,77.39864787877922
FarmA_B_00124,tomato,FarmA_Field1,42.21455441377574,16.8831397653712,153.43897062171433,194.9124836179346,7.008132698242989,4.965399522839214,95.73748368271583,15082025,7.665821809746979,82.33192116959499,6.614711069695019,A,14.119955478613235,12.713494811006584,Canning,Glass,225.82776452612595,2.4781171549997154,97.6611684079122,Ship,633.8213973247784,32.51404009985704,58.48758436187956,0,10.281658248328522,6697.984170515673,364.4873945539069,1.344871347755229,2.1484973396291407,2.1499260706052987,79.97477291017287,9.665859431148457,Organic,89.35938109921447,79.75959594022876,86.62924359821812,807,2598,1467,KR Market,12.964307964086865,77.5971667527727
FarmA_B_00125,corn,FarmA_Field2,49.42455014344907,21.228266187825884,164.55807037533862,135.39080261413625,7.350088192425044,1.0163748073978496,95.36134784231044,23072025,2.613161718162314,72.03816223881067,5.335772135927258,A,14.661521028978678,3.9761303025023578,Fresh,Cardboard,409.2548847009477,2.097946125378611,98.20141951609362,Train,749.4952745631763,30.145519760689663,34.176540928186284,0,4.98684235723068,7895.131564848095,272.4717336803135,0.7490087361090899,0.8078248545420887,2.9845534527332807,91.25700310945606,9.080593063580617,Packaging,92.03482306460042,59.03022594095527,16.462842825866876,684,1750,1122,Yeshwanthpur Market,13.026057867431227,77.49318292473885
